horizon,model,rmse,mae,r2,nObs
3-month,SARIMA,11.325504424298051,8.979377256116939,0.746426066103214,69
12-month,SARIMA,8.974159615032969,7.528075310985319,0.784670442296707,36
